endpoint,params
https://tap.group-ib.com/api/v2/apt/threat_actor/updated,limit=100
https://tap.group-ib.com/api/v2/apt/threat/updated,limit=10
https://tap.group-ib.com/api/v2/hi/threat_actor/updated,limit=100
https://tap.group-ib.com/api/v2/hi/threat/updated,limit=10
https://tap.group-ib.com/api/v2/hi/open_threats/updated,limit=100
https://tap.group-ib.com/api/v2/hi/analytic/updated,limit=500
https://tap.group-ib.com/api/v2/ioc/common/updated,limit=5000
https://tap.group-ib.com/api/v2/malware/cnc/updated,limit=1000
https://tap.group-ib.com/api/v2/malware/malware/malware/updated,limit=100
https://tap.group-ib.com/api/v2/osi/vulnerability/updated,limit=200
https://tap.group-ib.com/api/v2/compromised/discord/updated,limit=100
https://tap.group-ib.com/api/v2/compromised/messenger/updated,limit=100
https://tap.group-ib.com/api/v2/compromised/access/updated,limit=500
https://tap.group-ib.com/api/v2/compromised/account_group/updated,limit=500
https://tap.group-ib.com/api/v2/osi/git_repository/updated,limit=500
https://tap.group-ib.com/api/v2/osi/public_leak/updated,limit=100
https://tap.group-ib.com/api/v2/attacks/ddos/updated,limit=5000
https://tap.group-ib.com/api/v2/attacks/phishing_group/updated,limit=1000
https://tap.group-ib.com/api/v2/suspicious_ip/scanner/updated,limit=500
